date,title,url
"<div class=""post-item"">
<div class=""hs-featured-image-wrapper"">
<a href=""https://blog.scrapinghub.com/scrapy-cloud-secrets-hub-crawl-frontier-and-how-to-use-it"" title="""" class=""hs-featured-image-link"">
<img src=""https://f.hubspotusercontent10.net/hub/4367560/hubfs/Scrapy-Cloud-Secrets---Hub-Crawl-Frontier-and-how-to-use-it-Blog-Jul-2020-v1.gif?width=830&amp;name=Scrapy-Cloud-Secrets---Hub-Crawl-Frontier-and-how-to-use-it-Blog-Jul-2020-v1.gif"" class=""hs-featured-image"" alt="""">
</a>
</div>
<div class=""post-header"">
<h2><a href=""https://blog.scrapinghub.com/scrapy-cloud-secrets-hub-crawl-frontier-and-how-to-use-it"">Scrapy Cloud Secrets: Hub Crawl Frontier and How To Use It</a></h2>
<div class=""byline"">
<span class=""date"">
<i class=""fa fa-calendar-o""></i>
<a href=""https://blog.scrapinghub.com/scrapy-cloud-secrets-hub-crawl-frontier-and-how-to-use-it"">August 06, 2020 </a>
</span>
<span class=""author"">
<i class=""fa fa-user""></i>
<a href=""https://blog.scrapinghub.com/author/j%C3%BAlio-c%C3%A9sar-batista"">Júlio César Batista</a>	
</span>
<span class=""custom_listing_comments"">
<i class=""fa fa-comments-o""></i>
<a href=""https://blog.scrapinghub.com/scrapy-cloud-secrets-hub-crawl-frontier-and-how-to-use-it#comments-listing"">0 Comment</a>
</span>
</div>
</div>
<div class=""post-content"">
<p>Imagine a long crawling process, like extracting data from a website for a whole month. We can start it and leave it running until we get the results. Though, we can agree that a whole month is plenty of time for something to go wrong. The target website can go down for a few minutes/hours, there can be some sort of power outage in your crawling server or even some other internet connection...</p>
<div class=""read-more"">
<a class=""more-link"" href=""https://blog.scrapinghub.com/scrapy-cloud-secrets-hub-crawl-frontier-and-how-to-use-it"">Read More</a>
</div>
</div>
</div>","<div class=""post-item"">
<div class=""hs-featured-image-wrapper"">
<a href=""https://blog.scrapinghub.com/scrapy-cloud-secrets-hub-crawl-frontier-and-how-to-use-it"" title="""" class=""hs-featured-image-link"">
<img src=""https://f.hubspotusercontent10.net/hub/4367560/hubfs/Scrapy-Cloud-Secrets---Hub-Crawl-Frontier-and-how-to-use-it-Blog-Jul-2020-v1.gif?width=830&amp;name=Scrapy-Cloud-Secrets---Hub-Crawl-Frontier-and-how-to-use-it-Blog-Jul-2020-v1.gif"" class=""hs-featured-image"" alt="""">
</a>
</div>
<div class=""post-header"">
<h2><a href=""https://blog.scrapinghub.com/scrapy-cloud-secrets-hub-crawl-frontier-and-how-to-use-it"">Scrapy Cloud Secrets: Hub Crawl Frontier and How To Use It</a></h2>
<div class=""byline"">
<span class=""date"">
<i class=""fa fa-calendar-o""></i>
<a href=""https://blog.scrapinghub.com/scrapy-cloud-secrets-hub-crawl-frontier-and-how-to-use-it"">August 06, 2020 </a>
</span>
<span class=""author"">
<i class=""fa fa-user""></i>
<a href=""https://blog.scrapinghub.com/author/j%C3%BAlio-c%C3%A9sar-batista"">Júlio César Batista</a>	
</span>
<span class=""custom_listing_comments"">
<i class=""fa fa-comments-o""></i>
<a href=""https://blog.scrapinghub.com/scrapy-cloud-secrets-hub-crawl-frontier-and-how-to-use-it#comments-listing"">0 Comment</a>
</span>
</div>
</div>
<div class=""post-content"">
<p>Imagine a long crawling process, like extracting data from a website for a whole month. We can start it and leave it running until we get the results. Though, we can agree that a whole month is plenty of time for something to go wrong. The target website can go down for a few minutes/hours, there can be some sort of power outage in your crawling server or even some other internet connection...</p>
<div class=""read-more"">
<a class=""more-link"" href=""https://blog.scrapinghub.com/scrapy-cloud-secrets-hub-crawl-frontier-and-how-to-use-it"">Read More</a>
</div>
</div>
</div>",https://blog.scrapinghub.com/scrapy-cloud-secrets-hub-crawl-frontier-and-how-to-use-it
"<div class=""post-item"">
<div class=""hs-featured-image-wrapper"">
<a href=""https://blog.scrapinghub.com/blog-comments-api-beta-release"" title="""" class=""hs-featured-image-link"">
<img src=""https://f.hubspotusercontent10.net/hub/4367560/hubfs/Comments-API-Blog-July-2020-v1.gif?width=830&amp;name=Comments-API-Blog-July-2020-v1.gif"" class=""hs-featured-image"" alt=""AutoExtract Blog Comments API"">
</a>
</div>
<div class=""post-header"">
<h2><a href=""https://blog.scrapinghub.com/blog-comments-api-beta-release"">Blog Comments API (BETA): Extract Blog Comment DATA At Scale</a></h2>
<div class=""byline"">
<span class=""date"">
<i class=""fa fa-calendar-o""></i>
<a href=""https://blog.scrapinghub.com/blog-comments-api-beta-release"">July 30, 2020 </a>
</span>
<span class=""author"">
<i class=""fa fa-user""></i>
<a href=""https://blog.scrapinghub.com/author/john-campbell"">John Campbell</a>	
</span>
<span class=""custom_listing_comments"">
<i class=""fa fa-comments-o""></i>
<a href=""https://blog.scrapinghub.com/blog-comments-api-beta-release#comments-listing"">0 Comment</a>
</span>
</div>
</div>
<div class=""post-content"">
<h2 style=""text-align: left;"">A reliable and scalable way to tap into blog comment  driven insights</h2> 
<p>We are excited to announce our newest data extraction API. The <span style=""color: #990100;""><a href=""https://www.scrapinghub.com/comments-data-api/?utm_campaign=ACM&amp;utm_activity=BLO&amp;utm_medium=REF&amp;utm_source=HUB&amp;utm_content=CommAPIBlog&amp;utm_primary=AEX&amp;utm_goal=FTR"" style=""color: #990100;"">Blog Comments API</a></span> is now publicly available as a BETA release.</p>
<div class=""read-more"">
<a class=""more-link"" href=""https://blog.scrapinghub.com/blog-comments-api-beta-release"">Read More</a>
</div>
</div>
</div>","<div class=""post-item"">
<div class=""hs-featured-image-wrapper"">
<a href=""https://blog.scrapinghub.com/blog-comments-api-beta-release"" title="""" class=""hs-featured-image-link"">
<img src=""https://f.hubspotusercontent10.net/hub/4367560/hubfs/Comments-API-Blog-July-2020-v1.gif?width=830&amp;name=Comments-API-Blog-July-2020-v1.gif"" class=""hs-featured-image"" alt=""AutoExtract Blog Comments API"">
</a>
</div>
<div class=""post-header"">
<h2><a href=""https://blog.scrapinghub.com/blog-comments-api-beta-release"">Blog Comments API (BETA): Extract Blog Comment DATA At Scale</a></h2>
<div class=""byline"">
<span class=""date"">
<i class=""fa fa-calendar-o""></i>
<a href=""https://blog.scrapinghub.com/blog-comments-api-beta-release"">July 30, 2020 </a>
</span>
<span class=""author"">
<i class=""fa fa-user""></i>
<a href=""https://blog.scrapinghub.com/author/john-campbell"">John Campbell</a>	
</span>
<span class=""custom_listing_comments"">
<i class=""fa fa-comments-o""></i>
<a href=""https://blog.scrapinghub.com/blog-comments-api-beta-release#comments-listing"">0 Comment</a>
</span>
</div>
</div>
<div class=""post-content"">
<h2 style=""text-align: left;"">A reliable and scalable way to tap into blog comment  driven insights</h2> 
<p>We are excited to announce our newest data extraction API. The <span style=""color: #990100;""><a href=""https://www.scrapinghub.com/comments-data-api/?utm_campaign=ACM&amp;utm_activity=BLO&amp;utm_medium=REF&amp;utm_source=HUB&amp;utm_content=CommAPIBlog&amp;utm_primary=AEX&amp;utm_goal=FTR"" style=""color: #990100;"">Blog Comments API</a></span> is now publicly available as a BETA release.</p>
<div class=""read-more"">
<a class=""more-link"" href=""https://blog.scrapinghub.com/blog-comments-api-beta-release"">Read More</a>
</div>
</div>
</div>",https://blog.scrapinghub.com/blog-comments-api-beta-release
"<div class=""post-item"">
<div class=""hs-featured-image-wrapper"">
<a href=""https://blog.scrapinghub.com/price-intelligence-questions-answered"" title="""" class=""hs-featured-image-link"">
<img src=""https://f.hubspotusercontent10.net/hub/4367560/hubfs/Your-Price-Intelligence-Questions-answered-blog-jul-2020-v1.gif?width=830&amp;name=Your-Price-Intelligence-Questions-answered-blog-jul-2020-v1.gif"" class=""hs-featured-image"" alt="""">
</a>
</div>
<div class=""post-header"">
<h2><a href=""https://blog.scrapinghub.com/price-intelligence-questions-answered"">Your Price Intelligence Questions Answered</a></h2>
<div class=""byline"">
<span class=""date"">
<i class=""fa fa-calendar-o""></i>
<a href=""https://blog.scrapinghub.com/price-intelligence-questions-answered"">July 28, 2020 </a>
</span>
<span class=""author"">
<i class=""fa fa-user""></i>
<a href=""https://blog.scrapinghub.com/author/himanshi-bhatt"">Himanshi Bhatt</a>	
</span>
<span class=""custom_listing_comments"">
<i class=""fa fa-comments-o""></i>
<a href=""https://blog.scrapinghub.com/price-intelligence-questions-answered#comments-listing"">0 Comment</a>
</span>
</div>
</div>
<div class=""post-content"">
<h2>What is Price Intelligence?</h2> 
<p>Price Intelligence is leveraging web data to make better pricing, marketing, and business decisions. Basically, it is all about making use of the available data to optimize your pricing strategy, making it more competitive, increasing profitability, and ultimately, improving your business performance.</p>
<div class=""read-more"">
<a class=""more-link"" href=""https://blog.scrapinghub.com/price-intelligence-questions-answered"">Read More</a>
</div>
</div>
</div>","<div class=""post-item"">
<div class=""hs-featured-image-wrapper"">
<a href=""https://blog.scrapinghub.com/price-intelligence-questions-answered"" title="""" class=""hs-featured-image-link"">
<img src=""https://f.hubspotusercontent10.net/hub/4367560/hubfs/Your-Price-Intelligence-Questions-answered-blog-jul-2020-v1.gif?width=830&amp;name=Your-Price-Intelligence-Questions-answered-blog-jul-2020-v1.gif"" class=""hs-featured-image"" alt="""">
</a>
</div>
<div class=""post-header"">
<h2><a href=""https://blog.scrapinghub.com/price-intelligence-questions-answered"">Your Price Intelligence Questions Answered</a></h2>
<div class=""byline"">
<span class=""date"">
<i class=""fa fa-calendar-o""></i>
<a href=""https://blog.scrapinghub.com/price-intelligence-questions-answered"">July 28, 2020 </a>
</span>
<span class=""author"">
<i class=""fa fa-user""></i>
<a href=""https://blog.scrapinghub.com/author/himanshi-bhatt"">Himanshi Bhatt</a>	
</span>
<span class=""custom_listing_comments"">
<i class=""fa fa-comments-o""></i>
<a href=""https://blog.scrapinghub.com/price-intelligence-questions-answered#comments-listing"">0 Comment</a>
</span>
</div>
</div>
<div class=""post-content"">
<h2>What is Price Intelligence?</h2> 
<p>Price Intelligence is leveraging web data to make better pricing, marketing, and business decisions. Basically, it is all about making use of the available data to optimize your pricing strategy, making it more competitive, increasing profitability, and ultimately, improving your business performance.</p>
<div class=""read-more"">
<a class=""more-link"" href=""https://blog.scrapinghub.com/price-intelligence-questions-answered"">Read More</a>
</div>
</div>
</div>",https://blog.scrapinghub.com/price-intelligence-questions-answered
"<div class=""post-item"">
<div class=""hs-featured-image-wrapper"">
<a href=""https://blog.scrapinghub.com/data-center-proxies-vs.-residential-proxies"" title="""" class=""hs-featured-image-link"">
<img src=""https://f.hubspotusercontent10.net/hub/4367560/hubfs/Webinar---Resi-vs-Data-proxies-April-2020-v5-blog.gif?width=830&amp;name=Webinar---Resi-vs-Data-proxies-April-2020-v5-blog.gif"" class=""hs-featured-image"" alt="""">
</a>
</div>
<div class=""post-header"">
<h2><a href=""https://blog.scrapinghub.com/data-center-proxies-vs.-residential-proxies"">Data Center Proxies vs. Residential Proxies</a></h2>
<div class=""byline"">
<span class=""date"">
<i class=""fa fa-calendar-o""></i>
<a href=""https://blog.scrapinghub.com/data-center-proxies-vs.-residential-proxies"">July 21, 2020 </a>
</span>
<span class=""author"">
<i class=""fa fa-user""></i>
<a href=""https://blog.scrapinghub.com/author/attila-t%C3%B3th"">Attila Tóth</a>	
</span>
<span class=""custom_listing_comments"">
<i class=""fa fa-comments-o""></i>
<a href=""https://blog.scrapinghub.com/data-center-proxies-vs.-residential-proxies#comments-listing"">0 Comment</a>
</span>
</div>
</div>
<div class=""post-content"">
<p><em>In this blog post you are going to learn what’s the main difference between data center proxies and residential proxies. <i data-stringify-type=""italic"">When to use data center and residential proxies in your web data extraction project to maximize successful requests</i></em></p>
<div class=""read-more"">
<a class=""more-link"" href=""https://blog.scrapinghub.com/data-center-proxies-vs.-residential-proxies"">Read More</a>
</div>
</div>
</div>","<div class=""post-item"">
<div class=""hs-featured-image-wrapper"">
<a href=""https://blog.scrapinghub.com/data-center-proxies-vs.-residential-proxies"" title="""" class=""hs-featured-image-link"">
<img src=""https://f.hubspotusercontent10.net/hub/4367560/hubfs/Webinar---Resi-vs-Data-proxies-April-2020-v5-blog.gif?width=830&amp;name=Webinar---Resi-vs-Data-proxies-April-2020-v5-blog.gif"" class=""hs-featured-image"" alt="""">
</a>
</div>
<div class=""post-header"">
<h2><a href=""https://blog.scrapinghub.com/data-center-proxies-vs.-residential-proxies"">Data Center Proxies vs. Residential Proxies</a></h2>
<div class=""byline"">
<span class=""date"">
<i class=""fa fa-calendar-o""></i>
<a href=""https://blog.scrapinghub.com/data-center-proxies-vs.-residential-proxies"">July 21, 2020 </a>
</span>
<span class=""author"">
<i class=""fa fa-user""></i>
<a href=""https://blog.scrapinghub.com/author/attila-t%C3%B3th"">Attila Tóth</a>	
</span>
<span class=""custom_listing_comments"">
<i class=""fa fa-comments-o""></i>
<a href=""https://blog.scrapinghub.com/data-center-proxies-vs.-residential-proxies#comments-listing"">0 Comment</a>
</span>
</div>
</div>
<div class=""post-content"">
<p><em>In this blog post you are going to learn what’s the main difference between data center proxies and residential proxies. <i data-stringify-type=""italic"">When to use data center and residential proxies in your web data extraction project to maximize successful requests</i></em></p>
<div class=""read-more"">
<a class=""more-link"" href=""https://blog.scrapinghub.com/data-center-proxies-vs.-residential-proxies"">Read More</a>
</div>
</div>
</div>",https://blog.scrapinghub.com/data-center-proxies-vs.-residential-proxies
"<div class=""post-item"">
<div class=""hs-featured-image-wrapper"">
<a href=""https://blog.scrapinghub.com/how-to-get-high-success-rates-with-proxies-3-steps-to-scale-up"" title="""" class=""hs-featured-image-link"">
<img src=""https://f.hubspotusercontent10.net/hub/4367560/hubfs/attila-scale.png?width=830&amp;name=attila-scale.png"" class=""hs-featured-image"" alt=""High Success Rates With Proxies"">
</a>
</div>
<div class=""post-header"">
<h2><a href=""https://blog.scrapinghub.com/how-to-get-high-success-rates-with-proxies-3-steps-to-scale-up"">How to Get High Success Rates With Proxies: 3 Steps to Scale Up</a></h2>
<div class=""byline"">
<span class=""date"">
<i class=""fa fa-calendar-o""></i>
<a href=""https://blog.scrapinghub.com/how-to-get-high-success-rates-with-proxies-3-steps-to-scale-up"">July 14, 2020 </a>
</span>
<span class=""author"">
<i class=""fa fa-user""></i>
<a href=""https://blog.scrapinghub.com/author/attila-t%C3%B3th"">Attila Tóth</a>	
</span>
<span class=""custom_listing_comments"">
<i class=""fa fa-comments-o""></i>
<a href=""https://blog.scrapinghub.com/how-to-get-high-success-rates-with-proxies-3-steps-to-scale-up#comments-listing"">0 Comment</a>
</span>
</div>
</div>
<div class=""post-content"">
<p><span style=""font-style: italic;"">In this article we give you some insight on how you can scale up your web data extraction project. You will learn what are the basic elements of scaling up and what are the steps that you should take when looking for the best <span style=""color: #990100;""><a href=""https://www.scrapinghub.com/crawlera"" style=""color: #990100;"">rotating proxy solution</a></span>.</span></p>
<div class=""read-more"">
<a class=""more-link"" href=""https://blog.scrapinghub.com/how-to-get-high-success-rates-with-proxies-3-steps-to-scale-up"">Read More</a>
</div>
</div>
</div>","<div class=""post-item"">
<div class=""hs-featured-image-wrapper"">
<a href=""https://blog.scrapinghub.com/how-to-get-high-success-rates-with-proxies-3-steps-to-scale-up"" title="""" class=""hs-featured-image-link"">
<img src=""https://f.hubspotusercontent10.net/hub/4367560/hubfs/attila-scale.png?width=830&amp;name=attila-scale.png"" class=""hs-featured-image"" alt=""High Success Rates With Proxies"">
</a>
</div>
<div class=""post-header"">
<h2><a href=""https://blog.scrapinghub.com/how-to-get-high-success-rates-with-proxies-3-steps-to-scale-up"">How to Get High Success Rates With Proxies: 3 Steps to Scale Up</a></h2>
<div class=""byline"">
<span class=""date"">
<i class=""fa fa-calendar-o""></i>
<a href=""https://blog.scrapinghub.com/how-to-get-high-success-rates-with-proxies-3-steps-to-scale-up"">July 14, 2020 </a>
</span>
<span class=""author"">
<i class=""fa fa-user""></i>
<a href=""https://blog.scrapinghub.com/author/attila-t%C3%B3th"">Attila Tóth</a>	
</span>
<span class=""custom_listing_comments"">
<i class=""fa fa-comments-o""></i>
<a href=""https://blog.scrapinghub.com/how-to-get-high-success-rates-with-proxies-3-steps-to-scale-up#comments-listing"">0 Comment</a>
</span>
</div>
</div>
<div class=""post-content"">
<p><span style=""font-style: italic;"">In this article we give you some insight on how you can scale up your web data extraction project. You will learn what are the basic elements of scaling up and what are the steps that you should take when looking for the best <span style=""color: #990100;""><a href=""https://www.scrapinghub.com/crawlera"" style=""color: #990100;"">rotating proxy solution</a></span>.</span></p>
<div class=""read-more"">
<a class=""more-link"" href=""https://blog.scrapinghub.com/how-to-get-high-success-rates-with-proxies-3-steps-to-scale-up"">Read More</a>
</div>
</div>
</div>",https://blog.scrapinghub.com/how-to-get-high-success-rates-with-proxies-3-steps-to-scale-up
"<div class=""post-item"">
<div class=""hs-featured-image-wrapper"">
<a href=""https://blog.scrapinghub.com/job-postings-api-stable-release"" title="""" class=""hs-featured-image-link"">
<img src=""https://f.hubspotusercontent10.net/hub/4367560/hubfs/Job-Postings-Beta-API-Extract-Job-Postings-at-Scale-with-our-Newest-API-BLOG-v2.gif?width=830&amp;name=Job-Postings-Beta-API-Extract-Job-Postings-at-Scale-with-our-Newest-API-BLOG-v2.gif"" class=""hs-featured-image"" alt="""">
</a>
</div>
<div class=""post-header"">
<h2><a href=""https://blog.scrapinghub.com/job-postings-api-stable-release"">Job Postings API: Stable release</a></h2>
<div class=""byline"">
<span class=""date"">
<i class=""fa fa-calendar-o""></i>
<a href=""https://blog.scrapinghub.com/job-postings-api-stable-release"">July 09, 2020 </a>
</span>
<span class=""author"">
<i class=""fa fa-user""></i>
<a href=""https://blog.scrapinghub.com/author/john-campbell"">John Campbell</a>	
</span>
<span class=""custom_listing_comments"">
<i class=""fa fa-comments-o""></i>
<a href=""https://blog.scrapinghub.com/job-postings-api-stable-release#comments-listing"">0 Comment</a>
</span>
</div>
</div>
<div class=""post-content"">
<h2 style=""text-align: center;"">Hassle-Free, Structured, Machine-ReadableJob Postings Data </h2> 
<p>We are excited to announce our newest data extraction API. The <span style=""color: #990100;""><a href=""https://scrapinghub.com/data-api-job-postings/?utm_campaign=AJP&amp;utm_activity=BLO&amp;utm_medium=ORG&amp;utm_source=HUB&amp;utm_content=BLP&amp;utm_primary=AEX&amp;utm_goal=FTR"" style=""color: #990100;"">Job Postings API</a></span> is now out of BETA and publicly available as a stable release. </p>
<div class=""read-more"">
<a class=""more-link"" href=""https://blog.scrapinghub.com/job-postings-api-stable-release"">Read More</a>
</div>
</div>
</div>","<div class=""post-item"">
<div class=""hs-featured-image-wrapper"">
<a href=""https://blog.scrapinghub.com/job-postings-api-stable-release"" title="""" class=""hs-featured-image-link"">
<img src=""https://f.hubspotusercontent10.net/hub/4367560/hubfs/Job-Postings-Beta-API-Extract-Job-Postings-at-Scale-with-our-Newest-API-BLOG-v2.gif?width=830&amp;name=Job-Postings-Beta-API-Extract-Job-Postings-at-Scale-with-our-Newest-API-BLOG-v2.gif"" class=""hs-featured-image"" alt="""">
</a>
</div>
<div class=""post-header"">
<h2><a href=""https://blog.scrapinghub.com/job-postings-api-stable-release"">Job Postings API: Stable release</a></h2>
<div class=""byline"">
<span class=""date"">
<i class=""fa fa-calendar-o""></i>
<a href=""https://blog.scrapinghub.com/job-postings-api-stable-release"">July 09, 2020 </a>
</span>
<span class=""author"">
<i class=""fa fa-user""></i>
<a href=""https://blog.scrapinghub.com/author/john-campbell"">John Campbell</a>	
</span>
<span class=""custom_listing_comments"">
<i class=""fa fa-comments-o""></i>
<a href=""https://blog.scrapinghub.com/job-postings-api-stable-release#comments-listing"">0 Comment</a>
</span>
</div>
</div>
<div class=""post-content"">
<h2 style=""text-align: center;"">Hassle-Free, Structured, Machine-ReadableJob Postings Data </h2> 
<p>We are excited to announce our newest data extraction API. The <span style=""color: #990100;""><a href=""https://scrapinghub.com/data-api-job-postings/?utm_campaign=AJP&amp;utm_activity=BLO&amp;utm_medium=ORG&amp;utm_source=HUB&amp;utm_content=BLP&amp;utm_primary=AEX&amp;utm_goal=FTR"" style=""color: #990100;"">Job Postings API</a></span> is now out of BETA and publicly available as a stable release. </p>
<div class=""read-more"">
<a class=""more-link"" href=""https://blog.scrapinghub.com/job-postings-api-stable-release"">Read More</a>
</div>
</div>
</div>",https://blog.scrapinghub.com/job-postings-api-stable-release
"<div class=""post-item"">
<div class=""hs-featured-image-wrapper"">
<a href=""https://blog.scrapinghub.com/web-scraping-basics-tools"" title="""" class=""hs-featured-image-link"">
<img src=""https://f.hubspotusercontent10.net/hub/4367560/hubfs/Developers-Guide-To-Reliably-Extract-Data-v1.gif?width=830&amp;name=Developers-Guide-To-Reliably-Extract-Data-v1.gif"" class=""hs-featured-image"" alt="""">
</a>
</div>
<div class=""post-header"">
<h2><a href=""https://blog.scrapinghub.com/web-scraping-basics-tools"">Web Scraping Basics: A Developer’s Guide To Reliably Extract Data</a></h2>
<div class=""byline"">
<span class=""date"">
<i class=""fa fa-calendar-o""></i>
<a href=""https://blog.scrapinghub.com/web-scraping-basics-tools"">July 07, 2020 </a>
</span>
<span class=""author"">
<i class=""fa fa-user""></i>
<a href=""https://blog.scrapinghub.com/author/chira-mircea"">Chira Mircea</a>	
</span>
<span class=""custom_listing_comments"">
<i class=""fa fa-comments-o""></i>
<a href=""https://blog.scrapinghub.com/web-scraping-basics-tools#comments-listing"">0 Comment</a>
</span>
</div>
</div>
<div class=""post-content"">
<p>The web is complex and constantly changing. It is one of the reasons why web data extraction can be difficult, especially in the long term. It’s necessary to understand how a website works really well, before you try to extract data. Luckily, there are lots of inspection and code tools available for this and in this article we will show you some of our favorites.</p>
<div class=""read-more"">
<a class=""more-link"" href=""https://blog.scrapinghub.com/web-scraping-basics-tools"">Read More</a>
</div>
</div>
</div>","<div class=""post-item"">
<div class=""hs-featured-image-wrapper"">
<a href=""https://blog.scrapinghub.com/web-scraping-basics-tools"" title="""" class=""hs-featured-image-link"">
<img src=""https://f.hubspotusercontent10.net/hub/4367560/hubfs/Developers-Guide-To-Reliably-Extract-Data-v1.gif?width=830&amp;name=Developers-Guide-To-Reliably-Extract-Data-v1.gif"" class=""hs-featured-image"" alt="""">
</a>
</div>
<div class=""post-header"">
<h2><a href=""https://blog.scrapinghub.com/web-scraping-basics-tools"">Web Scraping Basics: A Developer’s Guide To Reliably Extract Data</a></h2>
<div class=""byline"">
<span class=""date"">
<i class=""fa fa-calendar-o""></i>
<a href=""https://blog.scrapinghub.com/web-scraping-basics-tools"">July 07, 2020 </a>
</span>
<span class=""author"">
<i class=""fa fa-user""></i>
<a href=""https://blog.scrapinghub.com/author/chira-mircea"">Chira Mircea</a>	
</span>
<span class=""custom_listing_comments"">
<i class=""fa fa-comments-o""></i>
<a href=""https://blog.scrapinghub.com/web-scraping-basics-tools#comments-listing"">0 Comment</a>
</span>
</div>
</div>
<div class=""post-content"">
<p>The web is complex and constantly changing. It is one of the reasons why web data extraction can be difficult, especially in the long term. It’s necessary to understand how a website works really well, before you try to extract data. Luckily, there are lots of inspection and code tools available for this and in this article we will show you some of our favorites.</p>
<div class=""read-more"">
<a class=""more-link"" href=""https://blog.scrapinghub.com/web-scraping-basics-tools"">Read More</a>
</div>
</div>
</div>",https://blog.scrapinghub.com/web-scraping-basics-tools
"<div class=""post-item"">
<div class=""hs-featured-image-wrapper"">
<a href=""https://blog.scrapinghub.com/news-api-blog-importance-of-article-quality"" title="""" class=""hs-featured-image-link"">
<img src=""https://f.hubspotusercontent10.net/hub/4367560/hubfs/Extract-Article-and-News-Data---Data-Quality-jun2020-v1-1.png?width=830&amp;name=Extract-Article-and-News-Data---Data-Quality-jun2020-v1-1.png"" class=""hs-featured-image"" alt="""">
</a>
</div>
<div class=""post-header"">
<h2><a href=""https://blog.scrapinghub.com/news-api-blog-importance-of-article-quality"">Extracting Article &amp; News Data: The Importance of Data Quality</a></h2>
<div class=""byline"">
<span class=""date"">
<i class=""fa fa-calendar-o""></i>
<a href=""https://blog.scrapinghub.com/news-api-blog-importance-of-article-quality"">June 23, 2020 </a>
</span>
<span class=""author"">
<i class=""fa fa-user""></i>
<a href=""https://blog.scrapinghub.com/author/attila-t%C3%B3th"">Attila Tóth</a>	
</span>
<span class=""custom_listing_comments"">
<i class=""fa fa-comments-o""></i>
<a href=""https://blog.scrapinghub.com/news-api-blog-importance-of-article-quality#comments-listing"">0 Comment</a>
</span>
</div>
</div>
<div class=""post-content"">
<p>Article and news data extraction is becoming increasingly popular and widely used by companies. Data quality plays a vital role in making sure these projects succeed. If the quality of the extracted articles is not good enough, your whole business could be at risk, especially if it depends on the constant flow of high quality article data.</p>
<div class=""read-more"">
<a class=""more-link"" href=""https://blog.scrapinghub.com/news-api-blog-importance-of-article-quality"">Read More</a>
</div>
</div>
</div>","<div class=""post-item"">
<div class=""hs-featured-image-wrapper"">
<a href=""https://blog.scrapinghub.com/news-api-blog-importance-of-article-quality"" title="""" class=""hs-featured-image-link"">
<img src=""https://f.hubspotusercontent10.net/hub/4367560/hubfs/Extract-Article-and-News-Data---Data-Quality-jun2020-v1-1.png?width=830&amp;name=Extract-Article-and-News-Data---Data-Quality-jun2020-v1-1.png"" class=""hs-featured-image"" alt="""">
</a>
</div>
<div class=""post-header"">
<h2><a href=""https://blog.scrapinghub.com/news-api-blog-importance-of-article-quality"">Extracting Article &amp; News Data: The Importance of Data Quality</a></h2>
<div class=""byline"">
<span class=""date"">
<i class=""fa fa-calendar-o""></i>
<a href=""https://blog.scrapinghub.com/news-api-blog-importance-of-article-quality"">June 23, 2020 </a>
</span>
<span class=""author"">
<i class=""fa fa-user""></i>
<a href=""https://blog.scrapinghub.com/author/attila-t%C3%B3th"">Attila Tóth</a>	
</span>
<span class=""custom_listing_comments"">
<i class=""fa fa-comments-o""></i>
<a href=""https://blog.scrapinghub.com/news-api-blog-importance-of-article-quality#comments-listing"">0 Comment</a>
</span>
</div>
</div>
<div class=""post-content"">
<p>Article and news data extraction is becoming increasingly popular and widely used by companies. Data quality plays a vital role in making sure these projects succeed. If the quality of the extracted articles is not good enough, your whole business could be at risk, especially if it depends on the constant flow of high quality article data.</p>
<div class=""read-more"">
<a class=""more-link"" href=""https://blog.scrapinghub.com/news-api-blog-importance-of-article-quality"">Read More</a>
</div>
</div>
</div>",https://blog.scrapinghub.com/news-api-blog-importance-of-article-quality
"<div class=""post-item"">
<div class=""hs-featured-image-wrapper"">
<a href=""https://blog.scrapinghub.com/price-gouging-or-economics-at-work-price-intelligence-to-track-consumer-sentiment"" title="""" class=""hs-featured-image-link"">
<img src=""https://cdn2.hubspot.net/hub/4367560/hubfs/Price-Gouging-or-Economics-at-Work---Price-Intelligence-to-Track-Consumer-Sentiment-jun2020-v1.png?width=830&amp;name=Price-Gouging-or-Economics-at-Work---Price-Intelligence-to-Track-Consumer-Sentiment-jun2020-v1.png"" class=""hs-featured-image"" alt="""">
</a>
</div>
<div class=""post-header"">
<h2><a href=""https://blog.scrapinghub.com/price-gouging-or-economics-at-work-price-intelligence-to-track-consumer-sentiment"">Price Gouging or Economics at Work: Price Intelligence to Track Consumer Sentiment</a></h2>
<div class=""byline"">
<span class=""date"">
<i class=""fa fa-calendar-o""></i>
<a href=""https://blog.scrapinghub.com/price-gouging-or-economics-at-work-price-intelligence-to-track-consumer-sentiment"">June 11, 2020 </a>
</span>
<span class=""author"">
<i class=""fa fa-user""></i>
<a href=""https://blog.scrapinghub.com/author/robert-cosgrave"">Robert Cosgrave</a>	
</span>
<span class=""custom_listing_comments"">
<i class=""fa fa-comments-o""></i>
<a href=""https://blog.scrapinghub.com/price-gouging-or-economics-at-work-price-intelligence-to-track-consumer-sentiment#comments-listing"">0 Comment</a>
</span>
</div>
</div>
<div class=""post-content"">
<p>As the COVID-19 pandemic took hold, we at Scrapinghub began to wonder how it would impact on the data we crawl, and whether that data could tell us something useful about the pandemic and its impact.</p>
<div class=""read-more"">
<a class=""more-link"" href=""https://blog.scrapinghub.com/price-gouging-or-economics-at-work-price-intelligence-to-track-consumer-sentiment"">Read More</a>
</div>
</div>
</div>","<div class=""post-item"">
<div class=""hs-featured-image-wrapper"">
<a href=""https://blog.scrapinghub.com/price-gouging-or-economics-at-work-price-intelligence-to-track-consumer-sentiment"" title="""" class=""hs-featured-image-link"">
<img src=""https://cdn2.hubspot.net/hub/4367560/hubfs/Price-Gouging-or-Economics-at-Work---Price-Intelligence-to-Track-Consumer-Sentiment-jun2020-v1.png?width=830&amp;name=Price-Gouging-or-Economics-at-Work---Price-Intelligence-to-Track-Consumer-Sentiment-jun2020-v1.png"" class=""hs-featured-image"" alt="""">
</a>
</div>
<div class=""post-header"">
<h2><a href=""https://blog.scrapinghub.com/price-gouging-or-economics-at-work-price-intelligence-to-track-consumer-sentiment"">Price Gouging or Economics at Work: Price Intelligence to Track Consumer Sentiment</a></h2>
<div class=""byline"">
<span class=""date"">
<i class=""fa fa-calendar-o""></i>
<a href=""https://blog.scrapinghub.com/price-gouging-or-economics-at-work-price-intelligence-to-track-consumer-sentiment"">June 11, 2020 </a>
</span>
<span class=""author"">
<i class=""fa fa-user""></i>
<a href=""https://blog.scrapinghub.com/author/robert-cosgrave"">Robert Cosgrave</a>	
</span>
<span class=""custom_listing_comments"">
<i class=""fa fa-comments-o""></i>
<a href=""https://blog.scrapinghub.com/price-gouging-or-economics-at-work-price-intelligence-to-track-consumer-sentiment#comments-listing"">0 Comment</a>
</span>
</div>
</div>
<div class=""post-content"">
<p>As the COVID-19 pandemic took hold, we at Scrapinghub began to wonder how it would impact on the data we crawl, and whether that data could tell us something useful about the pandemic and its impact.</p>
<div class=""read-more"">
<a class=""more-link"" href=""https://blog.scrapinghub.com/price-gouging-or-economics-at-work-price-intelligence-to-track-consumer-sentiment"">Read More</a>
</div>
</div>
</div>",https://blog.scrapinghub.com/price-gouging-or-economics-at-work-price-intelligence-to-track-consumer-sentiment
"<div class=""post-item"">
<div class=""hs-featured-image-wrapper"">
<a href=""https://blog.scrapinghub.com/web-data-qa-part-iii-combining-manual-and-automated-techniques-for-holistic-data-validation"" title="""" class=""hs-featured-image-link"">
<img src=""https://cdn2.hubspot.net/hub/4367560/hubfs/A-Practical-Guide-to-web-data-extraction-QA-part3-v3.gif?width=830&amp;name=A-Practical-Guide-to-web-data-extraction-QA-part3-v3.gif"" class=""hs-featured-image"" alt="""">
</a>
</div>
<div class=""post-header"">
<h2><a href=""https://blog.scrapinghub.com/web-data-qa-part-iii-combining-manual-and-automated-techniques-for-holistic-data-validation"">A Practical Guide to Web Data QA Part III: Holistic Data Validation Techniques</a></h2>
<div class=""byline"">
<span class=""date"">
<i class=""fa fa-calendar-o""></i>
<a href=""https://blog.scrapinghub.com/web-data-qa-part-iii-combining-manual-and-automated-techniques-for-holistic-data-validation"">June 09, 2020 </a>
</span>
<span class=""author"">
<i class=""fa fa-user""></i>
<a href=""https://blog.scrapinghub.com/author/ivan-ivanov-and-warley-ferreira-lopes"">Ivan Ivanov and Warley Ferreira Lopes</a>	
</span>
<span class=""custom_listing_comments"">
<i class=""fa fa-comments-o""></i>
<a href=""https://blog.scrapinghub.com/web-data-qa-part-iii-combining-manual-and-automated-techniques-for-holistic-data-validation#comments-listing"">0 Comment</a>
</span>
</div>
</div>
<div class=""post-content"">
<p><em>In case you missed them, here’s the </em><span style=""color: #ff5048;""><a href=""https://blog.scrapinghub.com/guide-to-web-data-extraction-qa-validation-techniques"" style=""color: #ff5048;"">first part</a></span><em> and </em><span style=""color: #ff5048;""><a href=""https://blog.scrapinghub.com/web-data-qa-common-validation-pitfalls"" style=""color: #ff5048;"">second part</a></span><em> of the series.</em></p>
<div class=""read-more"">
<a class=""more-link"" href=""https://blog.scrapinghub.com/web-data-qa-part-iii-combining-manual-and-automated-techniques-for-holistic-data-validation"">Read More</a>
</div>
</div>
</div>","<div class=""post-item"">
<div class=""hs-featured-image-wrapper"">
<a href=""https://blog.scrapinghub.com/web-data-qa-part-iii-combining-manual-and-automated-techniques-for-holistic-data-validation"" title="""" class=""hs-featured-image-link"">
<img src=""https://cdn2.hubspot.net/hub/4367560/hubfs/A-Practical-Guide-to-web-data-extraction-QA-part3-v3.gif?width=830&amp;name=A-Practical-Guide-to-web-data-extraction-QA-part3-v3.gif"" class=""hs-featured-image"" alt="""">
</a>
</div>
<div class=""post-header"">
<h2><a href=""https://blog.scrapinghub.com/web-data-qa-part-iii-combining-manual-and-automated-techniques-for-holistic-data-validation"">A Practical Guide to Web Data QA Part III: Holistic Data Validation Techniques</a></h2>
<div class=""byline"">
<span class=""date"">
<i class=""fa fa-calendar-o""></i>
<a href=""https://blog.scrapinghub.com/web-data-qa-part-iii-combining-manual-and-automated-techniques-for-holistic-data-validation"">June 09, 2020 </a>
</span>
<span class=""author"">
<i class=""fa fa-user""></i>
<a href=""https://blog.scrapinghub.com/author/ivan-ivanov-and-warley-ferreira-lopes"">Ivan Ivanov and Warley Ferreira Lopes</a>	
</span>
<span class=""custom_listing_comments"">
<i class=""fa fa-comments-o""></i>
<a href=""https://blog.scrapinghub.com/web-data-qa-part-iii-combining-manual-and-automated-techniques-for-holistic-data-validation#comments-listing"">0 Comment</a>
</span>
</div>
</div>
<div class=""post-content"">
<p><em>In case you missed them, here’s the </em><span style=""color: #ff5048;""><a href=""https://blog.scrapinghub.com/guide-to-web-data-extraction-qa-validation-techniques"" style=""color: #ff5048;"">first part</a></span><em> and </em><span style=""color: #ff5048;""><a href=""https://blog.scrapinghub.com/web-data-qa-common-validation-pitfalls"" style=""color: #ff5048;"">second part</a></span><em> of the series.</em></p>
<div class=""read-more"">
<a class=""more-link"" href=""https://blog.scrapinghub.com/web-data-qa-part-iii-combining-manual-and-automated-techniques-for-holistic-data-validation"">Read More</a>
</div>
</div>
</div>",https://blog.scrapinghub.com/web-data-qa-part-iii-combining-manual-and-automated-techniques-for-holistic-data-validation
